Sarah J Manalo,1,https://www.medium.com/p/bd42575cabf0?source=user_profile---------2-------------------
Sarah J Manalo,2,https://www.medium.com/p/f639a4a6a64a?source=user_profile---------3-------------------
Sarah J Manalo,3,https://www.medium.com/p/8795e05bb117?source=user_profile---------4-------------------
Sarah J Manalo,4,https://www.medium.com/p/872b863bdfdf?source=user_profile---------5-------------------
Sarah J Manalo,5,https://www.medium.com/p/afc3ccc8cc65?source=user_profile---------6-------------------
Sarah J Manalo,6,https://www.medium.com/p/e9d7a64312c7?source=user_profile---------7-------------------
Sarah J Manalo,7,https://www.medium.com/p/2e1c7e0521a3?source=user_profile---------8-------------------
Sarah J Manalo,8,https://www.medium.com/p/c5b850b85e39?source=user_profile---------9-------------------
Sarah J Manalo,9,https://www.medium.com/p/6702344084bc?source=user_profile---------10-------------------
Sarah J Manalo,10,https://www.medium.com/p/537ab17b7cbc?source=user_profile---------11-------------------
Sarah J Manalo,11,https://www.medium.com/p/13c0666cacb0?source=user_profile---------12-------------------
Sarah J Manalo,12,https://www.medium.com/p/204f318f320f?source=user_profile---------13-------------------
Sarah J Manalo,13,https://www.medium.com/p/f72d8673c33a?source=user_profile---------14-------------------
Sarah J Manalo,14,https://www.medium.com/p/acc8ca06cb49?source=user_profile---------15-------------------
Sarah J Manalo,15,https://www.medium.com/p/fcda81231511?source=user_profile---------16-------------------
Sarah J Manalo,16,https://www.medium.com/p/d774909c67b8?source=user_profile---------17-------------------
Sarah J Manalo,17,https://www.medium.com/p/44fa253261f3?source=user_profile---------18-------------------
Thái Thừa Thiên,1,https://www.medium.com/p/8e8484799506?source=user_profile---------2-------------------
Thái Thừa Thiên,2,https://www.medium.com/p/dc0b364c4d05?source=user_profile---------3-------------------
Thái Thừa Thiên,3,https://www.medium.com/p/8aeac30d5480?source=user_profile---------4-------------------
Thái Thừa Thiên,4,https://www.medium.com/p/2340868d20f6?source=user_profile---------5-------------------
Thái Thừa Thiên,5,https://www.medium.com/p/bd42575cabf0?source=user_profile---------6-------------------
Thái Thừa Thiên,6,https://www.medium.com/p/c677aed519df?source=user_profile---------7-------------------
Thái Thừa Thiên,7,https://www.medium.com/p/1a5398292b58?source=user_profile---------8-------------------
Thái Thừa Thiên,8,https://www.medium.com/p/f5e5edbc59ca?source=user_profile---------9-------------------
Thái Thừa Thiên,9,https://www.medium.com/p/500d8dac95d0?source=user_profile---------10-------------------
Thái Thừa Thiên,10,https://www.medium.com/p/a290019b1099?source=user_profile---------11-------------------
Thái Thừa Thiên,11,https://www.medium.com/p/81d07f671a0f?source=user_profile---------12-------------------
Thái Thừa Thiên,12,https://www.medium.com/p/32ddf0a810ea?source=user_profile---------13-------------------
Thái Thừa Thiên,13,https://www.medium.com/p/68c3471d75d5?source=user_profile---------14-------------------
Thái Thừa Thiên,14,https://www.medium.com/p/8e65d0ff94c7?source=user_profile---------15-------------------
Thái Thừa Thiên,15,https://www.medium.com/p/922de4aa22f5?source=user_profile---------16-------------------
Thái Thừa Thiên,16,https://www.medium.com/p/684d203204ef?source=user_profile---------17-------------------
Thái Thừa Thiên,17,https://www.medium.com/p/304c992541dc?source=user_profile---------18-------------------
Thái Thừa Thiên,18,https://www.medium.com/p/c4e050285024?source=user_profile---------19-------------------
Thái Thừa Thiên,19,https://www.medium.com/p/865dc2c06528?source=user_profile---------20-------------------
Thái Thừa Thiên,20,https://www.medium.com/p/824e01b477b9?source=user_profile---------21-------------------
Thái Thừa Thiên,21,https://www.medium.com/p/ae0a306bd5b?source=user_profile---------22-------------------
Thái Thừa Thiên,22,https://www.medium.com/p/537ab17b7cbc?source=user_profile---------23-------------------
Thái Thừa Thiên,23,https://www.medium.com/p/af687811d260?source=user_profile---------24-------------------
Thái Thừa Thiên,24,https://www.medium.com/p/bc73827ac316?source=user_profile---------25-------------------
Thái Thừa Thiên,25,https://www.medium.com/p/addb8bbc121?source=user_profile---------26-------------------
Thái Thừa Thiên,26,https://www.medium.com/p/60416ea4c5c?source=user_profile---------27-------------------
Thái Thừa Thiên,27,https://www.medium.com/p/d1dfd716c286?source=user_profile---------28-------------------
Thái Thừa Thiên,28,https://www.medium.com/p/e4a8fff5ea3b?source=user_profile---------29-------------------
Thái Thừa Thiên,29,https://www.medium.com/p/b1d06adf84e9?source=user_profile---------30-------------------
Thái Thừa Thiên,30,https://www.medium.com/p/19cca20cfca7?source=user_profile---------31-------------------
Thái Thừa Thiên,31,https://www.medium.com/p/c44559cc7d57?source=user_profile---------32-------------------
Thái Thừa Thiên,32,https://www.medium.com/p/cf5a3d9c442c?source=user_profile---------33-------------------
Akor Benjamin Padre-pio,1,https://www.medium.com/p/698df98de001?source=user_profile---------2-------------------
Akor Benjamin Padre-pio,2,https://www.medium.com/p/11140279fd69?source=user_profile---------3-------------------
Akor Benjamin Padre-pio,3,https://www.medium.com/p/dc0b364c4d05?source=user_profile---------4-------------------
Akor Benjamin Padre-pio,4,https://www.medium.com/p/bd42575cabf0?source=user_profile---------5-------------------
Akor Benjamin Padre-pio,5,https://www.medium.com/p/500d8dac95d0?source=user_profile---------6-------------------
Akor Benjamin Padre-pio,6,https://www.medium.com/p/fb7edc46d1c7?source=user_profile---------7-------------------
Akor Benjamin Padre-pio,7,https://www.medium.com/p/590c8e2f8977?source=user_profile---------8-------------------
Akor Benjamin Padre-pio,8,https://www.medium.com/p/21620981d393?source=user_profile---------9-------------------
Akor Benjamin Padre-pio,9,https://www.medium.com/p/aa42dddb266b?source=user_profile---------10-------------------
Akor Benjamin Padre-pio,10,https://www.medium.com/p/a6f1afa90d55?source=user_profile---------11-------------------
Akor Benjamin Padre-pio,11,https://www.medium.com/p/383b7f200143?source=user_profile---------12-------------------
tanami36sdp,1,https://www.medium.com/p/8e8484799506?source=user_profile---------2-------------------
tanami36sdp,2,https://www.medium.com/p/bd42575cabf0?source=user_profile---------3-------------------
tanami36sdp,3,https://www.medium.com/p/1a5398292b58?source=user_profile---------4-------------------
tanami36sdp,4,https://www.medium.com/p/d033696a74e2?source=user_profile---------5-------------------
tanami36sdp,5,https://www.medium.com/p/65cdafdebebd?source=user_profile---------6-------------------
tanami36sdp,6,https://www.medium.com/p/fb7edc46d1c7?source=user_profile---------7-------------------
tanami36sdp,7,https://www.medium.com/p/f5e5edbc59ca?source=user_profile---------8-------------------
tanami36sdp,8,https://www.medium.com/p/a290019b1099?source=user_profile---------9-------------------
Kait Hanerfeld,1,https://www.medium.com/p/662315773582?source=user_profile---------2-------------------
Kait Hanerfeld,2,https://www.medium.com/p/5e9aaaadfe5b?source=user_profile---------3-------------------
Kait Hanerfeld,3,https://www.medium.com/p/5d55f44887cb?source=user_profile---------4-------------------
Kait Hanerfeld,4,https://www.medium.com/p/8dfb03727d29?source=user_profile---------5-------------------
Kait Hanerfeld,5,https://www.medium.com/p/b7d5531119dd?source=user_profile---------6-------------------
Kait Hanerfeld,6,https://www.medium.com/p/3820b8455f56?source=user_profile---------7-------------------
Kait Hanerfeld,7,https://www.medium.com/p/e646445e6ca7?source=user_profile---------8-------------------
Kait Hanerfeld,8,https://www.medium.com/p/81eef880715e?source=user_profile---------9-------------------
Kait Hanerfeld,9,https://www.medium.com/p/913449c2665?source=user_profile---------10-------------------
Kait Hanerfeld,10,https://www.medium.com/p/969f0f14ea95?source=user_profile---------11-------------------
Kait Hanerfeld,11,https://www.medium.com/p/dda149b6150d?source=user_profile---------12-------------------
Kait Hanerfeld,12,https://www.medium.com/p/9695cf0daa7b?source=user_profile---------13-------------------
Kait Hanerfeld,13,https://www.medium.com/p/54d9ccfee6a8?source=user_profile---------14-------------------
Kait Hanerfeld,14,https://www.medium.com/p/2fa4ead13012?source=user_profile---------15-------------------
Kait Hanerfeld,15,https://www.medium.com/p/6258fb8d65c9?source=user_profile---------16-------------------
Kait Hanerfeld,16,https://www.medium.com/p/a14126128710?source=user_profile---------17-------------------
Kait Hanerfeld,17,https://www.medium.com/p/c7126d4524ee?source=user_profile---------18-------------------
Kait Hanerfeld,18,https://www.medium.com/p/c8a45afd3b68?source=user_profile---------19-------------------
Kait Hanerfeld,19,https://www.medium.com/p/4680eff89f9c?source=user_profile---------20-------------------
Kait Hanerfeld,20,https://www.medium.com/p/ab227acf9957?source=user_profile---------21-------------------
Keith Omiping,1,https://www.medium.com/p/bd42575cabf0?source=user_profile---------2-------------------
Keith Omiping,2,https://www.medium.com/p/bc75b760c4f5?source=user_profile---------3-------------------
Keith Omiping,3,https://www.medium.com/p/63cc4239d4c5?source=user_profile---------4-------------------
Keith Omiping,4,https://www.medium.com/p/d0a526e962f3?source=user_profile---------5-------------------
Keith Omiping,5,https://www.medium.com/p/63cc4239d4c5?source=user_profile---------6-------------------
Keith Omiping,6,https://www.medium.com/p/c69ac95ffd0e?source=user_profile---------7-------------------
Keith Omiping,7,https://www.medium.com/p/67d660dc0d01?source=user_profile---------8-------------------
Keith Omiping,8,https://www.medium.com/p/fe409d825e33?source=user_profile---------9-------------------
Μixalis Νounos,1,https://www.medium.com/p/fe2cd1d1bee9?source=user_profile---------2-------------------
Μixalis Νounos,2,https://www.medium.com/p/bd42575cabf0?source=user_profile---------3-------------------
Μixalis Νounos,3,https://www.medium.com/p/ae20f97a5194?source=user_profile---------4-------------------
Μixalis Νounos,4,https://www.medium.com/p/e8d9bd9e366a?source=user_profile---------5-------------------
Μixalis Νounos,5,https://www.medium.com/p/1a5398292b58?source=user_profile---------6-------------------
Μixalis Νounos,6,https://www.medium.com/p/fb7edc46d1c7?source=user_profile---------7-------------------
Μixalis Νounos,7,https://www.medium.com/p/8afe6a3b371f?source=user_profile---------8-------------------
Μixalis Νounos,8,https://www.medium.com/p/e75107f513c7?source=user_profile---------9-------------------
Μixalis Νounos,9,https://www.medium.com/p/e67b3323ecc5?source=user_profile---------10-------------------
Μixalis Νounos,10,https://www.medium.com/p/500d8dac95d0?source=user_profile---------11-------------------
Μixalis Νounos,11,https://www.medium.com/p/f5e5edbc59ca?source=user_profile---------12-------------------
Μixalis Νounos,12,https://www.medium.com/p/4859e364f51c?source=user_profile---------13-------------------
Μixalis Νounos,13,https://www.medium.com/p/a6f1afa90d55?source=user_profile---------14-------------------
Μixalis Νounos,14,https://www.medium.com/p/eaed3b566a65?source=user_profile---------15-------------------
Feeliks,1,https://www.medium.com/p/7d6552951a91?source=user_profile---------2-------------------
Feeliks,2,https://www.medium.com/p/e4f436ec21d9?source=user_profile---------3-------------------
Feeliks,3,https://www.medium.com/p/ee62edf62548?source=user_profile---------4-------------------
Feeliks,4,https://www.medium.com/p/aa6d9ff0db68?source=user_profile---------5-------------------
Feeliks,5,https://www.medium.com/p/e4ba6f90523a?source=user_profile---------6-------------------
Feeliks,6,https://www.medium.com/p/bd42575cabf0?source=user_profile---------7-------------------
Feeliks,7,https://www.medium.com/p/87de9e3df8d4?source=user_profile---------8-------------------
Feeliks,8,https://www.medium.com/p/ed7c3ee665cb?source=user_profile---------9-------------------
Feeliks,9,https://www.medium.com/p/28049a2ec0c5?source=user_profile---------10-------------------
Feeliks,10,https://www.medium.com/p/d3f9a1f53caf?source=user_profile---------11-------------------
Feeliks,11,https://www.medium.com/p/4532fda8d591?source=user_profile---------12-------------------
Feeliks,12,https://www.medium.com/p/1a5398292b58?source=user_profile---------13-------------------
Feeliks,13,https://www.medium.com/p/65cdafdebebd?source=user_profile---------14-------------------
Feeliks,14,https://www.medium.com/p/fb7edc46d1c7?source=user_profile---------15-------------------
Feeliks,15,https://www.medium.com/p/e67b3323ecc5?source=user_profile---------16-------------------
Feeliks,16,https://www.medium.com/p/500d8dac95d0?source=user_profile---------17-------------------
Feeliks,17,https://www.medium.com/p/df28e6c6642f?source=user_profile---------18-------------------
Feeliks,18,https://www.medium.com/p/6f9448df0c6f?source=user_profile---------19-------------------
Feeliks,19,https://www.medium.com/p/6b1940c1db77?source=user_profile---------20-------------------
Feeliks,20,https://www.medium.com/p/99fd14a925fd?source=user_profile---------21-------------------
Feeliks,21,https://www.medium.com/p/1a1de7e34f46?source=user_profile---------22-------------------
Feeliks,22,https://www.medium.com/p/ebdebea2e3fb?source=user_profile---------23-------------------
Feeliks,23,https://www.medium.com/p/cc5651b5136e?source=user_profile---------24-------------------
Feeliks,24,https://www.medium.com/p/29a543f4a987?source=user_profile---------25-------------------
Feeliks,25,https://www.medium.com/p/c5b850b85e39?source=user_profile---------26-------------------
Feeliks,26,https://www.medium.com/p/c3d2e2b5ef20?source=user_profile---------27-------------------
Feeliks,27,https://www.medium.com/p/ef70ae251192?source=user_profile---------28-------------------
Feeliks,28,https://www.medium.com/p/487f8a1718e4?source=user_profile---------29-------------------
Feeliks,29,https://www.medium.com/p/b0bee4f0d0de?source=user_profile---------30-------------------
Feeliks,30,https://www.medium.com/p/3194b04bb9bd?source=user_profile---------31-------------------
Feeliks,31,https://www.medium.com/p/510060079a8e?source=user_profile---------32-------------------
Feeliks,32,https://www.medium.com/p/254c194983bc?source=user_profile---------33-------------------
Feeliks,33,https://www.medium.com/p/fd86cdcb78e4?source=user_profile---------34-------------------
Feeliks,34,https://www.medium.com/p/4e0d2a5a85af?source=user_profile---------35-------------------
Feeliks,35,https://www.medium.com/p/fcd13e95854f?source=user_profile---------36-------------------
Feeliks,36,https://www.medium.com/p/6f67a877dd94?source=user_profile---------37-------------------
Feeliks,37,https://www.medium.com/p/f0545f49ced1?source=user_profile---------38-------------------
Feeliks,38,https://www.medium.com/p/590c8e2f8977?source=user_profile---------39-------------------
Feeliks,39,https://www.medium.com/p/665dc8ad0799?source=user_profile---------40-------------------
Feeliks,40,https://www.medium.com/p/d1e497faad76?source=user_profile---------41-------------------
Feeliks,41,https://www.medium.com/p/6093de9badda?source=user_profile---------42-------------------
Feeliks,42,https://www.medium.com/p/96dd67e931c1?source=user_profile---------43-------------------
Feeliks,43,https://www.medium.com/p/bfea7c51f55c?source=user_profile---------44-------------------
Feeliks,44,https://www.medium.com/p/547841d3789?source=user_profile---------45-------------------
Feeliks,45,https://www.medium.com/p/1600d1c39f9d?source=user_profile---------46-------------------
Feeliks,46,https://www.medium.com/p/5379fa5dfd37?source=user_profile---------47-------------------
Feeliks,47,https://www.medium.com/p/9ed35c32ec5c?source=user_profile---------48-------------------
Feeliks,48,https://www.medium.com/p/4802ae21d1ea?source=user_profile---------49-------------------
Feeliks,49,https://www.medium.com/p/d28d2c53cecf?source=user_profile---------50-------------------
Feeliks,50,https://www.medium.com/p/85006f91fcab?source=user_profile---------51-------------------
Feeliks,51,https://www.medium.com/p/22d72241b999?source=user_profile---------52-------------------
Feeliks,52,https://www.medium.com/p/2153ef3ff2cd?source=user_profile---------53-------------------
Feeliks,53,https://www.medium.com/p/419749955da0?source=user_profile---------54-------------------
Feeliks,54,https://www.medium.com/p/a7a1ab3f6e75?source=user_profile---------55-------------------
Feeliks,55,https://www.medium.com/p/dc9651ad3f18?source=user_profile---------56-------------------
Feeliks,56,https://www.medium.com/p/a6960e213a18?source=user_profile---------57-------------------
Feeliks,57,https://www.medium.com/p/7439b43cdddb?source=user_profile---------58-------------------
Feeliks,58,https://www.medium.com/p/dcf4808fde51?source=user_profile---------59-------------------
Feeliks,59,https://www.medium.com/p/819986034ba6?source=user_profile---------60-------------------
Feeliks,60,https://www.medium.com/p/42bdf7bdc0f3?source=user_profile---------61-------------------
Feeliks,61,https://www.medium.com/p/a9e5790ca207?source=user_profile---------62-------------------
Feeliks,62,https://www.medium.com/p/7989bac5143b?source=user_profile---------63-------------------
Feeliks,63,https://www.medium.com/p/3e9f234f188d?source=user_profile---------64-------------------
Feeliks,64,https://www.medium.com/p/b1c1a3829915?source=user_profile---------65-------------------
Feeliks,65,https://www.medium.com/p/68b5af104e32?source=user_profile---------66-------------------
Feeliks,66,https://www.medium.com/p/f6b4d361654?source=user_profile---------67-------------------
Feeliks,67,https://www.medium.com/p/d1dfd716c286?source=user_profile---------68-------------------
Feeliks,68,https://www.medium.com/p/c44559cc7d57?source=user_profile---------69-------------------
Feeliks,69,https://www.medium.com/p/9fcc3cb98b40?source=user_profile---------70-------------------
Feeliks,70,https://www.medium.com/p/e066b848ac22?source=user_profile---------71-------------------
Feeliks,71,https://www.medium.com/p/300b79f5ea3a?source=user_profile---------72-------------------
Feeliks,72,https://www.medium.com/p/c49f26a9488a?source=user_profile---------73-------------------
Feeliks,73,https://www.medium.com/p/74d450956d86?source=user_profile---------74-------------------
Feeliks,74,https://www.medium.com/p/1db78b7f168a?source=user_profile---------75-------------------
Feeliks,75,https://www.medium.com/p/dc009665ff65?source=user_profile---------76-------------------
Feeliks,76,https://www.medium.com/p/2ffba94e24e?source=user_profile---------77-------------------
Feeliks,77,https://www.medium.com/p/8d6b70346176?source=user_profile---------78-------------------
Feeliks,78,https://www.medium.com/p/a7cb223b27e3?source=user_profile---------79-------------------
Feeliks,79,https://www.medium.com/p/608ffbc3a067?source=user_profile---------80-------------------
Feeliks,80,https://www.medium.com/p/ca8ebc117946?source=user_profile---------81-------------------
Soumya Ranjan Behera,1,https://www.medium.com/p/2340868d20f6?source=user_profile---------2-------------------
Soumya Ranjan Behera,2,https://www.medium.com/p/bd42575cabf0?source=user_profile---------3-------------------
Soumya Ranjan Behera,3,https://www.medium.com/p/e49ed7d5d8bd?source=user_profile---------4-------------------
Soumya Ranjan Behera,4,https://www.medium.com/p/c895931afba9?source=user_profile---------5-------------------
Soumya Ranjan Behera,5,https://www.medium.com/p/d2fb8c51cf41?source=user_profile---------6-------------------
Soumya Ranjan Behera,6,https://www.medium.com/p/47c6c7e5f3ed?source=user_profile---------7-------------------
Soumya Ranjan Behera,7,https://www.medium.com/p/9252b5e6f547?source=user_profile---------8-------------------
Soumya Ranjan Behera,8,https://www.medium.com/p/e29d38ea66ed?source=user_profile---------9-------------------
Soumya Ranjan Behera,9,https://www.medium.com/p/a290019b1099?source=user_profile---------10-------------------
Niks78,1,https://www.medium.com/p/bd42575cabf0?source=user_profile---------2-------------------
Niks78,2,https://www.medium.com/p/f5e5edbc59ca?source=user_profile---------3-------------------
Niks78,3,https://www.medium.com/p/c31d144e8725?source=user_profile---------4-------------------
Niks78,4,https://www.medium.com/p/a290019b1099?source=user_profile---------5-------------------
Niks78,5,https://www.medium.com/p/9040fbf7331d?source=user_profile---------6-------------------
Niks78,6,https://www.medium.com/p/8082c34a198e?source=user_profile---------7-------------------
Niks78,7,https://www.medium.com/p/e971530bdc56?source=user_profile---------8-------------------
Niks78,8,https://www.medium.com/p/3826ed318464?source=user_profile---------9-------------------
Simon Forbit,1,https://www.medium.com/p/e4f436ec21d9?source=user_profile---------2-------------------
Simon Forbit,2,https://www.medium.com/p/bd42575cabf0?source=user_profile---------3-------------------
Simon Forbit,3,https://www.medium.com/p/9252b5e6f547?source=user_profile---------4-------------------
Simon Forbit,4,https://www.medium.com/p/1a5398292b58?source=user_profile---------5-------------------
Simon Forbit,5,https://www.medium.com/p/fb7edc46d1c7?source=user_profile---------6-------------------
Simon Forbit,6,https://www.medium.com/p/f5e5edbc59ca?source=user_profile---------7-------------------
Simon Forbit,7,https://www.medium.com/p/a290019b1099?source=user_profile---------8-------------------
Simon Forbit,8,https://www.medium.com/p/bccaf8fd2f00?source=user_profile---------9-------------------
Simon Forbit,9,https://www.medium.com/p/5a2c6357b30c?source=user_profile---------10-------------------
Simon Forbit,10,https://www.medium.com/p/ad8949c28e0f?source=user_profile---------11-------------------
Simon Forbit,11,https://www.medium.com/p/1db3de178463?source=user_profile---------12-------------------
Simon Forbit,12,https://www.medium.com/p/a4491ecfc3eb?source=user_profile---------13-------------------
Simon Forbit,13,https://www.medium.com/p/865dc2c06528?source=user_profile---------14-------------------
Simon Forbit,14,https://www.medium.com/p/57f98a92f787?source=user_profile---------15-------------------
Simon Forbit,15,https://www.medium.com/p/537ab17b7cbc?source=user_profile---------16-------------------
Simon Forbit,16,https://www.medium.com/p/a010ee8f565f?source=user_profile---------17-------------------
Simon Forbit,17,https://www.medium.com/p/c5b850b85e39?source=user_profile---------18-------------------
Kristian Ivanov,1,https://www.medium.com/p/d0a526e962f3?source=user_profile---------2-------------------
Kristian Ivanov,2,https://www.medium.com/p/63cc4239d4c5?source=user_profile---------3-------------------
Kristian Ivanov,3,https://www.medium.com/p/bd42575cabf0?source=user_profile---------4-------------------
Kristian Ivanov,4,https://www.medium.com/p/1a5398292b58?source=user_profile---------5-------------------
Kristian Ivanov,5,https://www.medium.com/p/f5e5edbc59ca?source=user_profile---------6-------------------
Kristian Ivanov,6,https://www.medium.com/p/ad8949c28e0f?source=user_profile---------7-------------------
Kristian Ivanov,7,https://www.medium.com/p/1db3de178463?source=user_profile---------8-------------------
Kristian Ivanov,8,https://www.medium.com/p/a4491ecfc3eb?source=user_profile---------9-------------------
Kristian Ivanov,9,https://www.medium.com/p/537ab17b7cbc?source=user_profile---------10-------------------
Amir Sondrexx,1,https://www.medium.com/p/2340868d20f6?source=user_profile---------2-------------------
Amir Sondrexx,2,https://www.medium.com/p/d366a92087d6?source=user_profile---------3-------------------
Amir Sondrexx,3,https://www.medium.com/p/bd42575cabf0?source=user_profile---------4-------------------
Amir Sondrexx,4,https://www.medium.com/p/44bed3531866?source=user_profile---------5-------------------
Amir Sondrexx,5,https://www.medium.com/p/40b8a41c5ab3?source=user_profile---------6-------------------
Amir Sondrexx,6,https://www.medium.com/p/244a064f6a00?source=user_profile---------7-------------------
Amir Sondrexx,7,https://www.medium.com/p/354297a23c27?source=user_profile---------8-------------------
Amir Sondrexx,8,https://www.medium.com/p/2267eec4dd1f?source=user_profile---------9-------------------
Amir Sondrexx,9,https://www.medium.com/p/f89821a6d4bb?source=user_profile---------10-------------------
Amir Sondrexx,10,https://www.medium.com/p/874fb96a883b?source=user_profile---------11-------------------
Amir Sondrexx,11,https://www.medium.com/p/be4ca40104f3?source=user_profile---------12-------------------
Amir Sondrexx,12,https://www.medium.com/p/7d924a21d22d?source=user_profile---------13-------------------
Amir Sondrexx,13,https://www.medium.com/p/5c2a0b0ebf7e?source=user_profile---------14-------------------
Amir Sondrexx,14,https://www.medium.com/p/4a78c1ef9022?source=user_profile---------15-------------------
Amir Sondrexx,15,https://www.medium.com/p/857b3496d519?source=user_profile---------16-------------------
Amir Sondrexx,16,https://www.medium.com/p/d981c10fff97?source=user_profile---------17-------------------
Amir Sondrexx,17,https://www.medium.com/p/e5b855180444?source=user_profile---------18-------------------
Amir Sondrexx,18,https://www.medium.com/p/d218d2144a54?source=user_profile---------19-------------------
Amir Sondrexx,19,https://www.medium.com/p/ada51b7364d8?source=user_profile---------20-------------------
Amir Sondrexx,20,https://www.medium.com/p/21620981d393?source=user_profile---------21-------------------
Amir Sondrexx,21,https://www.medium.com/p/8e25969c7e71?source=user_profile---------22-------------------
Amir Sondrexx,22,https://www.medium.com/p/a290019b1099?source=user_profile---------23-------------------
Amir Sondrexx,23,https://www.medium.com/p/efe2ab7f875c?source=user_profile---------24-------------------
Amir Sondrexx,24,https://www.medium.com/p/81d07f671a0f?source=user_profile---------25-------------------
Amir Sondrexx,25,https://www.medium.com/p/68c3471d75d5?source=user_profile---------26-------------------
Amir Sondrexx,26,https://www.medium.com/p/32ddf0a810ea?source=user_profile---------27-------------------
Amir Sondrexx,27,https://www.medium.com/p/950a5c56f524?source=user_profile---------28-------------------
Amir Sondrexx,28,https://www.medium.com/p/53632f62095a?source=user_profile---------29-------------------
Amir Sondrexx,29,https://www.medium.com/p/bccaf8fd2f00?source=user_profile---------30-------------------
Amir Sondrexx,30,https://www.medium.com/p/bccaf8fd2f00?source=user_profile---------31-------------------
Amir Sondrexx,31,https://www.medium.com/p/48987b35d30c?source=user_profile---------32-------------------
Amir Sondrexx,32,https://www.medium.com/p/cc02f2889582?source=user_profile---------33-------------------
Amir Sondrexx,33,https://www.medium.com/p/9d01b5fa2df6?source=user_profile---------34-------------------
Amir Sondrexx,34,https://www.medium.com/p/178cdb95154d?source=user_profile---------35-------------------
Jimoh Bukola,1,https://www.medium.com/p/d0a526e962f3?source=user_profile---------2-------------------
Jimoh Bukola,2,https://www.medium.com/p/63cc4239d4c5?source=user_profile---------3-------------------
Jimoh Bukola,3,https://www.medium.com/p/bd42575cabf0?source=user_profile---------4-------------------
Ipsum Peccator,1,https://www.medium.com/p/c36edd93c1ef?source=user_profile---------2-------------------
Ipsum Peccator,2,https://www.medium.com/p/32d623e7cfcf?source=user_profile---------3-------------------
Ipsum Peccator,3,https://www.medium.com/p/cdec27db9c2d?source=user_profile---------4-------------------
Ipsum Peccator,4,https://www.medium.com/p/dc0b364c4d05?source=user_profile---------5-------------------
Ipsum Peccator,5,https://www.medium.com/p/b48552aa583?source=user_profile---------6-------------------
Ipsum Peccator,6,https://www.medium.com/p/edc2baf8e96c?source=user_profile---------7-------------------
Ipsum Peccator,7,https://www.medium.com/p/3a828df60bab?source=user_profile---------8-------------------
Ipsum Peccator,8,https://www.medium.com/p/c462968282e?source=user_profile---------9-------------------
Ipsum Peccator,9,https://www.medium.com/p/21c345396d61?source=user_profile---------10-------------------
Ipsum Peccator,10,https://www.medium.com/p/8a749e68e612?source=user_profile---------11-------------------
Ipsum Peccator,11,https://www.medium.com/p/bb19b5025677?source=user_profile---------12-------------------
Ipsum Peccator,12,https://www.medium.com/p/4c61198723c4?source=user_profile---------13-------------------
Ipsum Peccator,13,https://www.medium.com/p/73e65d44fb83?source=user_profile---------14-------------------
Ipsum Peccator,14,https://www.medium.com/p/3ac8d914542f?source=user_profile---------15-------------------
Ipsum Peccator,15,https://www.medium.com/p/ad8bcea17a89?source=user_profile---------16-------------------
Ipsum Peccator,16,https://www.medium.com/p/3a57e3f3f004?source=user_profile---------17-------------------
Ipsum Peccator,17,https://www.medium.com/p/7104d6a70d8d?source=user_profile---------18-------------------
Ipsum Peccator,18,https://www.medium.com/p/3f384c42e2ed?source=user_profile---------19-------------------
Ipsum Peccator,19,https://www.medium.com/p/9c1cbb1f0006?source=user_profile---------20-------------------
Ipsum Peccator,20,https://www.medium.com/p/e053fe686a69?source=user_profile---------21-------------------
Ipsum Peccator,21,https://www.medium.com/p/bd42575cabf0?source=user_profile---------22-------------------
Ipsum Peccator,22,https://www.medium.com/p/63cc4239d4c5?source=user_profile---------23-------------------
Ipsum Peccator,23,https://www.medium.com/p/d0a526e962f3?source=user_profile---------24-------------------
Ipsum Peccator,24,https://www.medium.com/p/c69ac95ffd0e?source=user_profile---------25-------------------
Ipsum Peccator,25,https://www.medium.com/p/67d660dc0d01?source=user_profile---------26-------------------
Ipsum Peccator,26,https://www.medium.com/p/fe409d825e33?source=user_profile---------27-------------------
Ipsum Peccator,27,https://www.medium.com/p/8f9d7e7ce9d8?source=user_profile---------28-------------------
Ipsum Peccator,28,https://www.medium.com/p/c794f563ae2e?source=user_profile---------29-------------------
Ipsum Peccator,29,https://www.medium.com/p/86e012d861cc?source=user_profile---------30-------------------
Ipsum Peccator,30,https://www.medium.com/p/e52a3116e304?source=user_profile---------31-------------------
Abby Clifton,1,https://www.medium.com/p/bd42575cabf0?source=user_profile---------2-------------------
Abby Clifton,2,https://www.medium.com/p/63cc4239d4c5?source=user_profile---------3-------------------
Lawrence,1,https://www.medium.com/p/4423982e7df9?source=user_profile---------2-------------------
Lawrence,2,https://www.medium.com/p/bd42575cabf0?source=user_profile---------3-------------------
Lawrence,3,https://www.medium.com/p/500d8dac95d0?source=user_profile---------4-------------------
Lawrence,4,https://www.medium.com/p/6f9448df0c6f?source=user_profile---------5-------------------
Lawrence,5,https://www.medium.com/p/5a2c6357b30c?source=user_profile---------6-------------------
SIDDHARTH KAPADIA,1,https://www.medium.com/p/bd42575cabf0?source=user_profile---------2-------------------
SIDDHARTH KAPADIA,2,https://www.medium.com/p/4ec25af01bf6?source=user_profile---------3-------------------
SIDDHARTH KAPADIA,3,https://www.medium.com/p/eaed3b566a65?source=user_profile---------4-------------------
SIDDHARTH KAPADIA,4,https://www.medium.com/p/f242a5e34e4d?source=user_profile---------5-------------------
SIDDHARTH KAPADIA,5,https://www.medium.com/p/20c20bd878a3?source=user_profile---------6-------------------
SIDDHARTH KAPADIA,6,https://www.medium.com/p/a290019b1099?source=user_profile---------7-------------------
Sandip Bhalerao,1,https://www.medium.com/p/e4f436ec21d9?source=user_profile---------2-------------------
Sandip Bhalerao,2,https://www.medium.com/p/bd42575cabf0?source=user_profile---------3-------------------
Sandip Bhalerao,3,https://www.medium.com/p/1a5398292b58?source=user_profile---------4-------------------
Sandip Bhalerao,4,https://www.medium.com/p/fb7edc46d1c7?source=user_profile---------5-------------------
Sandip Bhalerao,5,https://www.medium.com/p/500d8dac95d0?source=user_profile---------6-------------------
Sandip Bhalerao,6,https://www.medium.com/p/f5e5edbc59ca?source=user_profile---------7-------------------
Sandip Bhalerao,7,https://www.medium.com/p/a290019b1099?source=user_profile---------8-------------------
Sandip Bhalerao,8,https://www.medium.com/p/becb9a337e9c?source=user_profile---------9-------------------
Sandip Bhalerao,9,https://www.medium.com/p/46c8ff2538e9?source=user_profile---------10-------------------
Sandip Bhalerao,10,https://www.medium.com/p/5c0a5cc905ee?source=user_profile---------11-------------------
Sandip Bhalerao,11,https://www.medium.com/p/2b4ec110568?source=user_profile---------12-------------------
Sandip Bhalerao,12,https://www.medium.com/p/32e97fec5f10?source=user_profile---------13-------------------
Sandip Bhalerao,13,https://www.medium.com/p/1db3de178463?source=user_profile---------14-------------------
Định Út,1,https://www.medium.com/p/e4f436ec21d9?source=user_profile---------2-------------------
Định Út,2,https://www.medium.com/p/dc0b364c4d05?source=user_profile---------3-------------------
Định Út,3,https://www.medium.com/p/2340868d20f6?source=user_profile---------4-------------------
Định Út,4,https://www.medium.com/p/bd42575cabf0?source=user_profile---------5-------------------
Định Út,5,https://www.medium.com/p/7fe47551d627?source=user_profile---------6-------------------
Định Út,6,https://www.medium.com/p/28049a2ec0c5?source=user_profile---------7-------------------
Định Út,7,https://www.medium.com/p/1a5398292b58?source=user_profile---------8-------------------
Định Út,8,https://www.medium.com/p/aa3049149a19?source=user_profile---------9-------------------
Định Út,9,https://www.medium.com/p/d384b6316052?source=user_profile---------10-------------------
Định Út,10,https://www.medium.com/p/17d5e0e07c2a?source=user_profile---------11-------------------
Định Út,11,https://www.medium.com/p/9820ec8b3ba7?source=user_profile---------12-------------------
Domainesize,1,https://www.medium.com/p/6280b1a0c656?source=user_profile---------2-------------------
Domainesize,2,https://www.medium.com/p/bad4940e6918?source=user_profile---------3-------------------
Domainesize,3,https://www.medium.com/p/bd42575cabf0?source=user_profile---------4-------------------
Domainesize,4,https://www.medium.com/p/8e6ae418d87a?source=user_profile---------5-------------------
Domainesize,5,https://www.medium.com/p/ae20f97a5194?source=user_profile---------6-------------------
Domainesize,6,https://www.medium.com/p/21bf99636ab1?source=user_profile---------7-------------------
Domainesize,7,https://www.medium.com/p/7fe47551d627?source=user_profile---------8-------------------
Domainesize,8,https://www.medium.com/p/874fb96a883b?source=user_profile---------9-------------------
Domainesize,9,https://www.medium.com/p/be4ca40104f3?source=user_profile---------10-------------------
Domainesize,10,https://www.medium.com/p/19374fcf4cb8?source=user_profile---------11-------------------
Domainesize,11,https://www.medium.com/p/9477ba7ce39f?source=user_profile---------12-------------------
Domainesize,12,https://www.medium.com/p/6a3bb210e898?source=user_profile---------13-------------------
Domainesize,13,https://www.medium.com/p/fb7edc46d1c7?source=user_profile---------14-------------------
Domainesize,14,https://www.medium.com/p/1a5398292b58?source=user_profile---------15-------------------
Domainesize,15,https://www.medium.com/p/f5e5edbc59ca?source=user_profile---------16-------------------
Domainesize,16,https://www.medium.com/p/a29383778fcb?source=user_profile---------17-------------------
Domainesize,17,https://www.medium.com/p/3fcb05533c79?source=user_profile---------18-------------------
Domainesize,18,https://www.medium.com/p/bcb2e9d0e518?source=user_profile---------19-------------------
Domainesize,19,https://www.medium.com/p/25b35a041eb1?source=user_profile---------20-------------------
Domainesize,20,https://www.medium.com/p/d3c7f462c57?source=user_profile---------21-------------------
Domainesize,21,https://www.medium.com/p/ea75bec27743?source=user_profile---------22-------------------
Domainesize,22,https://www.medium.com/p/a290019b1099?source=user_profile---------23-------------------
Domainesize,23,https://www.medium.com/p/68c3471d75d5?source=user_profile---------24-------------------
Domainesize,24,https://www.medium.com/p/ad8949c28e0f?source=user_profile---------25-------------------
Domainesize,25,https://www.medium.com/p/1db3de178463?source=user_profile---------26-------------------
Domainesize,26,https://www.medium.com/p/621fd7f7a78b?source=user_profile---------27-------------------
Ilir Korita,1,https://www.medium.com/p/d0a526e962f3?source=user_profile---------2-------------------
Ilir Korita,2,https://www.medium.com/p/63cc4239d4c5?source=user_profile---------3-------------------
Ilir Korita,3,https://www.medium.com/p/fe409d825e33?source=user_profile---------4-------------------
Ilir Korita,4,https://www.medium.com/p/bd42575cabf0?source=user_profile---------5-------------------
Ilir Korita,5,https://www.medium.com/p/87978ad687a9?source=user_profile---------6-------------------
Ilir Korita,6,https://www.medium.com/p/35bc04a56a8c?source=user_profile---------7-------------------
Ilir Korita,7,https://www.medium.com/p/199cabc8b9b8?source=user_profile---------8-------------------
Ilir Korita,8,https://www.medium.com/p/eeeadf58d330?source=user_profile---------9-------------------
Ilir Korita,9,https://www.medium.com/p/b4912999e43d?source=user_profile---------10-------------------
Ilir Korita,10,https://www.medium.com/p/d56302733aed?source=user_profile---------11-------------------
Balwinder Singh,1,https://www.medium.com/p/bd42575cabf0?source=user_profile---------2-------------------
Balwinder Singh,2,https://www.medium.com/p/ad2834ace607?source=user_profile---------3-------------------
Balwinder Singh,3,https://www.medium.com/p/b49b2fd9c239?source=user_profile---------4-------------------
Balwinder Singh,4,https://www.medium.com/p/4ec25af01bf6?source=user_profile---------5-------------------
Balwinder Singh,5,https://www.medium.com/p/1a5398292b58?source=user_profile---------6-------------------
Balwinder Singh,6,https://www.medium.com/p/68c3471d75d5?source=user_profile---------7-------------------
Balwinder Singh,7,https://www.medium.com/p/e662b837cfc2?source=user_profile---------8-------------------
Balwinder Singh,8,https://www.medium.com/p/8082c34a198e?source=user_profile---------9-------------------
invisibl,1,https://www.medium.com/p/8ffe208bfb64?source=user_profile---------2-------------------
invisibl,2,https://www.medium.com/p/8cf183a1df85?source=user_profile---------3-------------------
invisibl,3,https://www.medium.com/p/bd42575cabf0?source=user_profile---------4-------------------
invisibl,4,https://www.medium.com/p/f9f0fd851551?source=user_profile---------5-------------------
invisibl,5,https://www.medium.com/p/1a1de7e34f46?source=user_profile---------6-------------------
invisibl,6,https://www.medium.com/p/c14869d110c?source=user_profile---------7-------------------
invisibl,7,https://www.medium.com/p/a0651e59f3c0?source=user_profile---------8-------------------
invisibl,8,https://www.medium.com/p/a96d9c594592?source=user_profile---------9-------------------
invisibl,9,https://www.medium.com/p/c5b850b85e39?source=user_profile---------10-------------------
invisibl,10,https://www.medium.com/p/8b4a991b6ddb?source=user_profile---------11-------------------
invisibl,11,https://www.medium.com/p/fba97f470458?source=user_profile---------12-------------------
Aiden Tallo,1,https://www.medium.com/p/bd42575cabf0?source=user_profile---------2-------------------
Aiden Tallo,2,https://www.medium.com/p/63cc4239d4c5?source=user_profile---------3-------------------
Aiden Tallo,3,https://www.medium.com/p/d0a526e962f3?source=user_profile---------4-------------------
Aiden Tallo,4,https://www.medium.com/p/67d660dc0d01?source=user_profile---------5-------------------
Aiden Tallo,5,https://www.medium.com/p/c69ac95ffd0e?source=user_profile---------6-------------------
Aiden Tallo,6,https://www.medium.com/p/f03bf92035c9?source=user_profile---------7-------------------
Aiden Tallo,7,https://www.medium.com/p/fe409d825e33?source=user_profile---------8-------------------
Henry Bùi,1,https://www.medium.com/p/11140279fd69?source=user_profile---------2-------------------
Henry Bùi,2,https://www.medium.com/p/20c330bad4ef?source=user_profile---------3-------------------
Henry Bùi,3,https://www.medium.com/p/bd42575cabf0?source=user_profile---------4-------------------
Henry Bùi,4,https://www.medium.com/p/dc0b364c4d05?source=user_profile---------5-------------------
Henry Bùi,5,https://www.medium.com/p/b49b2fd9c239?source=user_profile---------6-------------------
Henry Bùi,6,https://www.medium.com/p/7fe47551d627?source=user_profile---------7-------------------
Henry Bùi,7,https://www.medium.com/p/b006273cac4?source=user_profile---------8-------------------
Henry Bùi,8,https://www.medium.com/p/8afe6a3b371f?source=user_profile---------9-------------------
Henry Bùi,9,https://www.medium.com/p/500d8dac95d0?source=user_profile---------10-------------------
Henry Bùi,10,https://www.medium.com/p/a8ec1273bbed?source=user_profile---------11-------------------
Henry Bùi,11,https://www.medium.com/p/e86f6e9336fb?source=user_profile---------12-------------------
Henry Bùi,12,https://www.medium.com/p/eaed3b566a65?source=user_profile---------13-------------------
Henry Bùi,13,https://www.medium.com/p/8795e05bb117?source=user_profile---------14-------------------
Henry Bùi,14,https://www.medium.com/p/7dc27254e893?source=user_profile---------15-------------------
Henry Bùi,15,https://www.medium.com/p/9a074a890398?source=user_profile---------16-------------------
Henry Bùi,16,https://www.medium.com/p/99fd14a925fd?source=user_profile---------17-------------------
Henry Bùi,17,https://www.medium.com/p/35965bf3da38?source=user_profile---------18-------------------
Henry Bùi,18,https://www.medium.com/p/6f9448df0c6f?source=user_profile---------19-------------------
Henry Bùi,19,https://www.medium.com/p/1a1de7e34f46?source=user_profile---------20-------------------
Henry Bùi,20,https://www.medium.com/p/3a5f84702fd9?source=user_profile---------21-------------------
Henry Bùi,21,https://www.medium.com/p/3f0aefce3cfd?source=user_profile---------22-------------------
Henry Bùi,22,https://www.medium.com/p/9d01b5fa2df6?source=user_profile---------23-------------------
Henry Bùi,23,https://www.medium.com/p/49094b7ba667?source=user_profile---------24-------------------
Henry Bùi,24,https://www.medium.com/p/e321000055c3?source=user_profile---------25-------------------
Henry Bùi,25,https://www.medium.com/p/46b054fd295d?source=user_profile---------26-------------------
Henry Bùi,26,https://www.medium.com/p/3bd04b3f82ae?source=user_profile---------27-------------------
Henry Bùi,27,https://www.medium.com/p/f938ffd55859?source=user_profile---------28-------------------
Henry Bùi,28,https://www.medium.com/p/cbf24d41877d?source=user_profile---------29-------------------
Henry Bùi,29,https://www.medium.com/p/8c360f9da182?source=user_profile---------30-------------------
Henry Bùi,30,https://www.medium.com/p/169a827442a?source=user_profile---------31-------------------
Henry Bùi,31,https://www.medium.com/p/5504c9eca706?source=user_profile---------32-------------------
Henry Bùi,32,https://www.medium.com/p/3e933b08fa10?source=user_profile---------33-------------------
Henry Bùi,33,https://www.medium.com/p/8f5b7d1b3bec?source=user_profile---------34-------------------
Henry Bùi,34,https://www.medium.com/p/49ce4e7dcd48?source=user_profile---------35-------------------
Henry Bùi,35,https://www.medium.com/p/77a03756a5f8?source=user_profile---------36-------------------
Henry Bùi,36,https://www.medium.com/p/fed884b75b3d?source=user_profile---------37-------------------
Henry Bùi,37,https://www.medium.com/p/2c92efc94224?source=user_profile---------38-------------------
Henry Bùi,38,https://www.medium.com/p/1db3de178463?source=user_profile---------39-------------------
Uttam Gupta,1,https://www.medium.com/p/6280b1a0c656?source=user_profile---------2-------------------
Uttam Gupta,2,https://www.medium.com/p/aa6d9ff0db68?source=user_profile---------3-------------------
Uttam Gupta,3,https://www.medium.com/p/18b9695dcffb?source=user_profile---------4-------------------
Uttam Gupta,4,https://www.medium.com/p/bd42575cabf0?source=user_profile---------5-------------------
Uttam Gupta,5,https://www.medium.com/p/8e6ae418d87a?source=user_profile---------6-------------------
Uttam Gupta,6,https://www.medium.com/p/230f70425e12?source=user_profile---------7-------------------
Uttam Gupta,7,https://www.medium.com/p/9b162377ab77?source=user_profile---------8-------------------
Uttam Gupta,8,https://www.medium.com/p/16e53b8a3e9d?source=user_profile---------9-------------------
Uttam Gupta,9,https://www.medium.com/p/17d5e0e07c2a?source=user_profile---------10-------------------
Uttam Gupta,10,https://www.medium.com/p/933c606f99b0?source=user_profile---------11-------------------
Uttam Gupta,11,https://www.medium.com/p/37b2b7f1384?source=user_profile---------12-------------------
Uttam Gupta,12,https://www.medium.com/p/d3f9a1f53caf?source=user_profile---------13-------------------
Uttam Gupta,13,https://www.medium.com/p/28049a2ec0c5?source=user_profile---------14-------------------
Uttam Gupta,14,https://www.medium.com/p/1a5398292b58?source=user_profile---------15-------------------
Uttam Gupta,15,https://www.medium.com/p/98c22639be71?source=user_profile---------16-------------------
Uttam Gupta,16,https://www.medium.com/p/a2756411323e?source=user_profile---------17-------------------
Uttam Gupta,17,https://www.medium.com/p/d573fea06882?source=user_profile---------18-------------------
Yang Yang Loh,1,https://www.medium.com/p/bd42575cabf0?source=user_profile---------2-------------------
Yang Yang Loh,2,https://www.medium.com/p/d7d33a608b7b?source=user_profile---------3-------------------
Yang Yang Loh,3,https://www.medium.com/p/cb70b6218b5c?source=user_profile---------4-------------------
Yang Yang Loh,4,https://www.medium.com/p/e1712456449d?source=user_profile---------5-------------------
Yang Yang Loh,5,https://www.medium.com/p/47c6c7e5f3ed?source=user_profile---------6-------------------
Yang Yang Loh,6,https://www.medium.com/p/1a626a5d43a1?source=user_profile---------7-------------------
Yang Yang Loh,7,https://www.medium.com/p/f65ae49c4248?source=user_profile---------8-------------------
Yang Yang Loh,8,https://www.medium.com/p/a98292223e62?source=user_profile---------9-------------------
Yang Yang Loh,9,https://www.medium.com/p/fbff41c4d5db?source=user_profile---------10-------------------
Yang Yang Loh,10,https://www.medium.com/p/ac9cf1c5a226?source=user_profile---------11-------------------
Yang Yang Loh,11,https://www.medium.com/p/df005245c7cb?source=user_profile---------12-------------------
Yang Yang Loh,12,https://www.medium.com/p/4ec25af01bf6?source=user_profile---------13-------------------
Yang Yang Loh,13,https://www.medium.com/p/1a5398292b58?source=user_profile---------14-------------------
Yang Yang Loh,14,https://www.medium.com/p/f639a4a6a64a?source=user_profile---------15-------------------
Yang Yang Loh,15,https://www.medium.com/p/39faa29f0d61?source=user_profile---------16-------------------
Yang Yang Loh,16,https://www.medium.com/p/9939c43aa2df?source=user_profile---------17-------------------
Yang Yang Loh,17,https://www.medium.com/p/4ce5f25e7046?source=user_profile---------18-------------------
Yang Yang Loh,18,https://www.medium.com/p/e75a29f36287?source=user_profile---------19-------------------
Yang Yang Loh,19,https://www.medium.com/p/cee79efab4c4?source=user_profile---------20-------------------
Yang Yang Loh,20,https://www.medium.com/p/5514da0db622?source=user_profile---------21-------------------
Yang Yang Loh,21,https://www.medium.com/p/47271748e19c?source=user_profile---------22-------------------
Yang Yang Loh,22,https://www.medium.com/p/d9c397b887e4?source=user_profile---------23-------------------
Yang Yang Loh,23,https://www.medium.com/p/8f8ef780bed7?source=user_profile---------24-------------------
Yang Yang Loh,24,https://www.medium.com/p/d1611d11dfc5?source=user_profile---------25-------------------
Yang Yang Loh,25,https://www.medium.com/p/e066b848ac22?source=user_profile---------26-------------------
Yang Yang Loh,26,https://www.medium.com/p/9c4df85efece?source=user_profile---------27-------------------
Yang Yang Loh,27,https://www.medium.com/p/88e72caf54ba?source=user_profile---------28-------------------
Yang Yang Loh,28,https://www.medium.com/p/f005fc4b5318?source=user_profile---------29-------------------
wenxue1988,1,https://www.medium.com/p/bd42575cabf0?source=user_profile---------2-------------------
Athirat Phuengphinit,1,https://www.medium.com/p/bd42575cabf0?source=user_profile---------2-------------------
Athirat Phuengphinit,2,https://www.medium.com/p/f44eda572483?source=user_profile---------3-------------------
Athirat Phuengphinit,3,https://www.medium.com/p/47c6c7e5f3ed?source=user_profile---------4-------------------
Athirat Phuengphinit,4,https://www.medium.com/p/fb7edc46d1c7?source=user_profile---------5-------------------
Athirat Phuengphinit,5,https://www.medium.com/p/bf80eeef0b0c?source=user_profile---------6-------------------
Athirat Phuengphinit,6,https://www.medium.com/p/97e5a5c579a7?source=user_profile---------7-------------------
Athirat Phuengphinit,7,https://www.medium.com/p/c31d144e8725?source=user_profile---------8-------------------
A W Videos,1,https://www.medium.com/p/bd42575cabf0?source=user_profile---------2-------------------
A W Videos,2,https://www.medium.com/p/af60ef7f2fce?source=user_profile---------3-------------------
A W Videos,3,https://www.medium.com/p/e8d9bd9e366a?source=user_profile---------4-------------------
A W Videos,4,https://www.medium.com/p/fb7edc46d1c7?source=user_profile---------5-------------------
A W Videos,5,https://www.medium.com/p/a290019b1099?source=user_profile---------6-------------------
A W Videos,6,https://www.medium.com/p/1a1de7e34f46?source=user_profile---------7-------------------
A W Videos,7,https://www.medium.com/p/5a2c6357b30c?source=user_profile---------8-------------------
A W Videos,8,https://www.medium.com/p/6247c96a4bc8?source=user_profile---------9-------------------
A W Videos,9,https://www.medium.com/p/57f98a92f787?source=user_profile---------10-------------------
A W Videos,10,https://www.medium.com/p/537ab17b7cbc?source=user_profile---------11-------------------
A W Videos,11,https://www.medium.com/p/393e82164498?source=user_profile---------12-------------------
Дмитрий Бондаренко,1,https://www.medium.com/p/bad4940e6918?source=user_profile---------2-------------------
Дмитрий Бондаренко,2,https://www.medium.com/p/bd42575cabf0?source=user_profile---------3-------------------
Дмитрий Бондаренко,3,https://www.medium.com/p/def86d7ef7b1?source=user_profile---------4-------------------
Дмитрий Бондаренко,4,https://www.medium.com/p/29a543f4a987?source=user_profile---------5-------------------
Дмитрий Бондаренко,5,https://www.medium.com/p/dc1b9ef591c9?source=user_profile---------6-------------------
Дмитрий Бондаренко,6,https://www.medium.com/p/c5b850b85e39?source=user_profile---------7-------------------
Дмитрий Бондаренко,7,https://www.medium.com/p/5379fa5dfd37?source=user_profile---------8-------------------
Дмитрий Бондаренко,8,https://www.medium.com/p/bfea7c51f55c?source=user_profile---------9-------------------
Дмитрий Бондаренко,9,https://www.medium.com/p/547841d3789?source=user_profile---------10-------------------
Дмитрий Бондаренко,10,https://www.medium.com/p/1600d1c39f9d?source=user_profile---------11-------------------
Дмитрий Бондаренко,11,https://www.medium.com/p/9ed35c32ec5c?source=user_profile---------12-------------------
Дмитрий Бондаренко,12,https://www.medium.com/p/e971530bdc56?source=user_profile---------13-------------------
Alexander Tru,1,https://www.medium.com/p/fe2cd1d1bee9?source=user_profile---------2-------------------
Alexander Tru,2,https://www.medium.com/p/bd42575cabf0?source=user_profile---------3-------------------
Alexander Tru,3,https://www.medium.com/p/684d203204ef?source=user_profile---------4-------------------
Alexander Tru,4,https://www.medium.com/p/865dc2c06528?source=user_profile---------5-------------------
Alexander Tru,5,https://www.medium.com/p/fb7edc46d1c7?source=user_profile---------6-------------------
Alexander Tru,6,https://www.medium.com/p/5a2c6357b30c?source=user_profile---------7-------------------
Alexander Tru,7,https://www.medium.com/p/1db3de178463?source=user_profile---------8-------------------
Alexander Tru,8,https://www.medium.com/p/ad8949c28e0f?source=user_profile---------9-------------------
Tam Pham,1,https://www.medium.com/p/67d660dc0d01?source=user_profile---------2-------------------
Tam Pham,2,https://www.medium.com/p/fe409d825e33?source=user_profile---------3-------------------
Tam Pham,3,https://www.medium.com/p/c69ac95ffd0e?source=user_profile---------4-------------------
Tam Pham,4,https://www.medium.com/p/d0a526e962f3?source=user_profile---------5-------------------
Tam Pham,5,https://www.medium.com/p/16c4f6c349ed?source=user_profile---------6-------------------
Tam Pham,6,https://www.medium.com/p/bd42575cabf0?source=user_profile---------7-------------------
Tam Pham,7,https://www.medium.com/p/def86d7ef7b1?source=user_profile---------8-------------------
Tam Pham,8,https://www.medium.com/p/f242a5e34e4d?source=user_profile---------9-------------------
Tam Pham,9,https://www.medium.com/p/750ebd3c23ae?source=user_profile---------10-------------------
Tam Pham,10,https://www.medium.com/p/20c20bd878a3?source=user_profile---------11-------------------
Charity Chinaza,1,https://www.medium.com/p/bd42575cabf0?source=user_profile---------2-------------------
Charity Chinaza,2,https://www.medium.com/p/2340868d20f6?source=user_profile---------3-------------------
Doel Bengkulu,1,https://www.medium.com/p/bd42575cabf0?source=user_profile---------2-------------------
Doel Bengkulu,2,https://www.medium.com/p/de6033b02d1?source=user_profile---------3-------------------
Doel Bengkulu,3,https://www.medium.com/p/2340868d20f6?source=user_profile---------4-------------------
Doel Bengkulu,4,https://www.medium.com/p/5d5721aec6ad?source=user_profile---------5-------------------
Doel Bengkulu,5,https://www.medium.com/p/e66f58105e1b?source=user_profile---------6-------------------
Doel Bengkulu,6,https://www.medium.com/p/ce492960412c?source=user_profile---------7-------------------
Doel Bengkulu,7,https://www.medium.com/p/9b162377ab77?source=user_profile---------8-------------------
Doel Bengkulu,8,https://www.medium.com/p/dcab49155643?source=user_profile---------9-------------------
Doel Bengkulu,9,https://www.medium.com/p/1b57112d6ce3?source=user_profile---------10-------------------
Doel Bengkulu,10,https://www.medium.com/p/55c5ba5bf4a?source=user_profile---------11-------------------
Bitcoin Earning,1,https://www.medium.com/p/e4f436ec21d9?source=user_profile---------2-------------------
Bitcoin Earning,2,https://www.medium.com/p/cd5f5ebfa705?source=user_profile---------3-------------------
Bitcoin Earning,3,https://www.medium.com/p/cb1324c2aded?source=user_profile---------4-------------------
Bitcoin Earning,4,https://www.medium.com/p/bd42575cabf0?source=user_profile---------5-------------------
Bitcoin Earning,5,https://www.medium.com/p/5254bf482444?source=user_profile---------6-------------------
Bitcoin Earning,6,https://www.medium.com/p/3bb2545aa0d8?source=user_profile---------7-------------------
Bitcoin Earning,7,https://www.medium.com/p/7bea39352f03?source=user_profile---------8-------------------
Bitcoin Earning,8,https://www.medium.com/p/53c5730a6942?source=user_profile---------9-------------------
Bitcoin Earning,9,https://www.medium.com/p/9410e9b757ff?source=user_profile---------10-------------------
Bitcoin Earning,10,https://www.medium.com/p/d3f9a1f53caf?source=user_profile---------11-------------------
Dmitriy Dmitrichenko,1,https://www.medium.com/p/e4f436ec21d9?source=user_profile---------2-------------------
Dmitriy Dmitrichenko,2,https://www.medium.com/p/13f390782d58?source=user_profile---------3-------------------
Dmitriy Dmitrichenko,3,https://www.medium.com/p/cb1324c2aded?source=user_profile---------4-------------------
Dmitriy Dmitrichenko,4,https://www.medium.com/p/a5eec9f67b23?source=user_profile---------5-------------------
Dmitriy Dmitrichenko,5,https://www.medium.com/p/bd42575cabf0?source=user_profile---------6-------------------
Dmitriy Dmitrichenko,6,https://www.medium.com/p/f5e5edbc59ca?source=user_profile---------7-------------------
Dmitriy Dmitrichenko,7,https://www.medium.com/p/a290019b1099?source=user_profile---------8-------------------
Dmitriy Dmitrichenko,8,https://www.medium.com/p/eaed3b566a65?source=user_profile---------9-------------------
Dmitriy Dmitrichenko,9,https://www.medium.com/p/a8ec1273bbed?source=user_profile---------10-------------------
Dmitriy Dmitrichenko,10,https://www.medium.com/p/ad8949c28e0f?source=user_profile---------11-------------------
Dmitriy Dmitrichenko,11,https://www.medium.com/p/1db3de178463?source=user_profile---------12-------------------
Dmitriy Dmitrichenko,12,https://www.medium.com/p/a010ee8f565f?source=user_profile---------13-------------------
Dmitriy Dmitrichenko,13,https://www.medium.com/p/537ab17b7cbc?source=user_profile---------14-------------------
Dmitriy Dmitrichenko,14,https://www.medium.com/p/39faa29f0d61?source=user_profile---------15-------------------
Dmitriy Dmitrichenko,15,https://www.medium.com/p/8b4a991b6ddb?source=user_profile---------16-------------------
Dmitriy Dmitrichenko,16,https://www.medium.com/p/c5b850b85e39?source=user_profile---------17-------------------
Dmitriy Dmitrichenko,17,https://www.medium.com/p/de36e665b983?source=user_profile---------18-------------------
Dmitriy Dmitrichenko,18,https://www.medium.com/p/b81b94d4f6a3?source=user_profile---------19-------------------
Dmitriy Dmitrichenko,19,https://www.medium.com/p/c2a9eae03a98?source=user_profile---------20-------------------
Dmitriy Dmitrichenko,20,https://www.medium.com/p/654b6b733c66?source=user_profile---------21-------------------
Dmitriy Dmitrichenko,21,https://www.medium.com/p/63fbc5516339?source=user_profile---------22-------------------
Dmitriy Dmitrichenko,22,https://www.medium.com/p/752f7bd03fb4?source=user_profile---------23-------------------
Dmitriy Dmitrichenko,23,https://www.medium.com/p/90371c95ec8a?source=user_profile---------24-------------------
Dmitriy Dmitrichenko,24,https://www.medium.com/p/5379fa5dfd37?source=user_profile---------25-------------------
Dmitriy Dmitrichenko,25,https://www.medium.com/p/bfea7c51f55c?source=user_profile---------26-------------------
Dmitriy Dmitrichenko,26,https://www.medium.com/p/547841d3789?source=user_profile---------27-------------------
Dmitriy Dmitrichenko,27,https://www.medium.com/p/1600d1c39f9d?source=user_profile---------28-------------------
Dmitriy Dmitrichenko,28,https://www.medium.com/p/9ed35c32ec5c?source=user_profile---------29-------------------
Dmitriy Dmitrichenko,29,https://www.medium.com/p/e971530bdc56?source=user_profile---------30-------------------
Dmitriy Dmitrichenko,30,https://www.medium.com/p/a5b90739f860?source=user_profile---------31-------------------
Dmitriy Dmitrichenko,31,https://www.medium.com/p/70bc0a9fe6ec?source=user_profile---------32-------------------
Dmitriy Dmitrichenko,32,https://www.medium.com/p/e5d1a73f4af3?source=user_profile---------33-------------------
Dmitriy Dmitrichenko,33,https://www.medium.com/p/d3fbb184e07f?source=user_profile---------34-------------------
Dmitriy Dmitrichenko,34,https://www.medium.com/p/779ac3ca570b?source=user_profile---------35-------------------
Dmitriy Dmitrichenko,35,https://www.medium.com/p/916e29c4089f?source=user_profile---------36-------------------
Dmitriy Dmitrichenko,36,https://www.medium.com/p/7b6dced5dfc1?source=user_profile---------37-------------------
Dmitriy Dmitrichenko,37,https://www.medium.com/p/e7afa329001d?source=user_profile---------38-------------------
Dmitriy Dmitrichenko,38,https://www.medium.com/p/f5dfb0be0dcb?source=user_profile---------39-------------------
Dmitriy Dmitrichenko,39,https://www.medium.com/p/9a9639f9336f?source=user_profile---------40-------------------
Dmitriy Dmitrichenko,40,https://www.medium.com/p/a33d154a8289?source=user_profile---------41-------------------
Dmitriy Dmitrichenko,41,https://www.medium.com/p/df6e26d8e82a?source=user_profile---------42-------------------
Dmitriy Dmitrichenko,42,https://www.medium.com/p/e86f6e9336fb?source=user_profile---------43-------------------
Dmitriy Dmitrichenko,43,https://www.medium.com/p/8d59891fda65?source=user_profile---------44-------------------
Dmitriy Dmitrichenko,44,https://www.medium.com/p/81c16e813a79?source=user_profile---------45-------------------
Dmitriy Dmitrichenko,45,https://www.medium.com/p/c44559cc7d57?source=user_profile---------46-------------------
Dmitriy Dmitrichenko,46,https://www.medium.com/p/3db417e134d?source=user_profile---------47-------------------
Dmitriy Dmitrichenko,47,https://www.medium.com/p/7bf27b1bde?source=user_profile---------48-------------------
Dmitriy Dmitrichenko,48,https://www.medium.com/p/afe828b7ea56?source=user_profile---------49-------------------
Dmitriy Dmitrichenko,49,https://www.medium.com/p/7eb9226bbe64?source=user_profile---------50-------------------
Dmitriy Dmitrichenko,50,https://www.medium.com/p/74d450956d86?source=user_profile---------51-------------------
GamingCoin - Gaming Community,1,https://www.medium.com/p/bd42575cabf0?source=user_profile---------2-------------------
Crypto Pilot,1,https://www.medium.com/p/bd42575cabf0?source=user_profile---------2-------------------
Crypto Pilot,2,https://www.medium.com/p/865dc2c06528?source=user_profile---------3-------------------
Crypto Pilot,3,https://www.medium.com/p/2da5f24bee5a?source=user_profile---------4-------------------
Crypto Pilot,4,https://www.medium.com/p/a010ee8f565f?source=user_profile---------5-------------------
Ronaldo Andrade Santos,1,https://www.medium.com/p/bd42575cabf0?source=user_profile---------2-------------------
Ronaldo Andrade Santos,2,https://www.medium.com/p/a6f1afa90d55?source=user_profile---------3-------------------
Ronaldo Andrade Santos,3,https://www.medium.com/p/14a7f1c033ce?source=user_profile---------4-------------------
Ronaldo Andrade Santos,4,https://www.medium.com/p/8c33f87dbc47?source=user_profile---------5-------------------
Ronaldo Andrade Santos,5,https://www.medium.com/p/dc0b364c4d05?source=user_profile---------6-------------------
Ronaldo Andrade Santos,6,https://www.medium.com/p/7510bdbf49a7?source=user_profile---------7-------------------
Ronaldo Andrade Santos,7,https://www.medium.com/p/ab3cab2080a6?source=user_profile---------8-------------------
Merve Vural,1,https://www.medium.com/p/6280b1a0c656?source=user_profile---------2-------------------
Merve Vural,2,https://www.medium.com/p/d0a526e962f3?source=user_profile---------3-------------------
Merve Vural,3,https://www.medium.com/p/63cc4239d4c5?source=user_profile---------4-------------------
Merve Vural,4,https://www.medium.com/p/bd42575cabf0?source=user_profile---------5-------------------
Merve Vural,5,https://www.medium.com/p/60416ea4c5c?source=user_profile---------6-------------------
Engin Özdeniz,1,https://www.medium.com/p/6280b1a0c656?source=user_profile---------2-------------------
Engin Özdeniz,2,https://www.medium.com/p/d0a526e962f3?source=user_profile---------3-------------------
Engin Özdeniz,3,https://www.medium.com/p/bd42575cabf0?source=user_profile---------4-------------------
Engin Özdeniz,4,https://www.medium.com/p/63cc4239d4c5?source=user_profile---------5-------------------
Engin Özdeniz,5,https://www.medium.com/p/fb7edc46d1c7?source=user_profile---------6-------------------
Engin Özdeniz,6,https://www.medium.com/p/500d8dac95d0?source=user_profile---------7-------------------
Engin Özdeniz,7,https://www.medium.com/p/f5e5edbc59ca?source=user_profile---------8-------------------
Engin Özdeniz,8,https://www.medium.com/p/e67b3323ecc5?source=user_profile---------9-------------------
Engin Özdeniz,9,https://www.medium.com/p/459daf26b70e?source=user_profile---------10-------------------
Engin Özdeniz,10,https://www.medium.com/p/a290019b1099?source=user_profile---------11-------------------
